target,method,solver,dr_km,dv_ms,rms_arcsec,chi2,iterations,sigma_r_km,wall_s
Apophis_99942,IOD,GaussIOD,0.000000,0.000000,0.000000,0.000000,0,0.000000,0.000049
Apophis_99942,EKF,EKF,982320040578064.125000,1637171843.976353,218067.333145,0.000000,0,35966817.404498,1.866811
Phaethon_3200,IOD,GoodingIOD,0.000000,0.000000,0.000000,0.000000,0,0.000000,0.000041
Phaethon_3200,EKF,EKF,218584436792.102173,207126.440468,131361.812812,0.000000,0,12469474.906675,2.247104
