asteroid,x,y,z,vx,vy,vz,epoch_jd
Ceres,-2.37932770591565,0.545671131863137,0.741225480706568,-0.00358422827318222,-0.00984521730774582,-0.00390454382603353,2451545.0
Apophis,-1.03792569609538,-0.126809261115522,-0.074042829408653,0.00422737430198351,-0.0141210720709205,-0.00514534115482634,2451545.0
Phaethon,1.60365290760865,1.21835096504393,1.18171580338979,-0.000619488376214952,0.00427806665058317,0.00142520038772151,2451545.0
Baruffetti,2.82873260822416,-0.7765821462552,-0.929986744658817,0.00312136265647621,0.00824493983191533,0.00422484318035597,2451545.0
