epsilon,relative_pos_error,nfe
1.000000e-02,7.306472e-01,1257
1.000000e-03,7.306472e-01,12567
1.000000e-04,7.306472e-01,125655
1.000000e-05,7.306472e-01,1256532
1.000000e-06,0.000000e+00,3000000
1.000000e-07,0.000000e+00,3000000
1.000000e-08,0.000000e+00,3000000
